{
    "Type":"Derp",
    "Id":"ssffejs",
    "DisplayName":"",
    "Description":"displaying a monkey ass description for me to read wait did i ever iplement descriptions",
    "Layer":"Default",
    "Icon": "textures/item/stick.png",
    "UiBackground":"textures/block/dirt.png",
    "UiColor":[0.6,0.4,0.7,1],
    "FontColor":[0.3,0.2,0.25,1],
    "SkillUnlockedColor":[0.6,0.4,0.5,1],
    "SkillLockedColor":[0.3,0.2,0.25,1],
    "Panels": [{},{}, {},
        {
            "Requirements":[
                {
                    "RequirementType": "derp:statistics",
                    "value": 20,
                    "name": "jump",
                    "displayName": "jumps"
                }
            ]
        },{}
    ],
    "Skills":[
        {
            "Description":"displaying a monkey ass description for me to read wait did i ever iplement descriptions displaying a monkey ass description for me to read wait did i ever iplement descriptions displaying a monkey ass description for me to read wait did i ever iplement descriptions displaying a monkey ass description for me to read wait did i ever iplement descriptions displaying a monkey ass description for me to read wait did i ever iplement descriptions displaying a monkey ass description for me to read wait did i ever iplement descriptions displaying a monkey ass description for me to read wait did i ever iplement descriptions displaying a monkey ass description for me to read wait did i ever iplement descriptions",
            "Panel":0,
            "X":1,

            "Y":0,
            "Id": "fpaintwo",
            "SkillActions":[],
            "Requirements":[
                {
                    "RequirementType": "derp:statistics",
                    "value": 40,
                    "name": "jump",
                    "displayName": "jumps"
                }
            ]
        },
        {
            "Panel":0,
            "X":4,
            "Y":1,
            "Id": "ffpain",
            "Icon": "textures/item/stick.png",
            "Slottable": true,
            "Cooldown": 15,
            "SlottableEvent": "LivingHurt",
            "SkillActions":[
                {
                    "SkillType": "derp:scale",
                    "scale_type": "motion",
                    "operation":"add",
                    "value": 0.2
                }
            ],
            "Requirements":[
                {
                    "RequirementType": "derp:statistics",
                    "value": 10,
                    "example": "sss",
                    "name": "jump",
                    "displayName": "jumps"
                }
            ]
        },
        {
            "Panel":0,
            "X":0,
            "Y":5,
            "Id": "sspain",
            "SkillActions":[],
            "Requirements":[]
        },
        {
            "Panel":2,
            "X":2,
            "Y":5,
            "Id": "panelthree",
            "SkillActions":[],
            "Requirements":[]
        },
        {
            "Panel":3,
            "X":2,
            "Y":5,
            "Icon": "textures/item/diamond.png",
            "Id": "panelfoir",
            "SkillActions":[
                {
                    "SkillType":"derp:command",
                    "command":"execute as {playername} at @s run fill ~-5 ~-5 ~-5 ~5 ~5 ~5 minecraft:iron_ore replace minecraft:grass"
                },
                {
                    "SkillType":"derp:command",
                    "command":"execute as {playername} at @s run fill ~-5 ~-5 ~-5 ~5 ~5 ~5 minecraft:diamond_ore replace #minecraft:dirt"
                }
            ],
            "Requirements":[]
        }
    ]
}
    
